Folder,Name,Position,PSSM_Score,IUPRED_Score,ANCHOR_Score,Coil_Score,Helix_Score,Strand_Score,Mean_pLDDT,Mean_pTM,Mean_ipTM,Mean_RMSD,Mean_Delta_Theta,Mean_Delta_Phi,Mean_Helix_Polarity
NP_0013582021_pos_511_04c8f.result,NP_001358202.1 neuronal tyrosine-phosphorylated phosphoinositide-3-kinase adapter 2 isoform 1 [Homo sapiens],511,12.0,0.83,0.94,0.03,0.97,0.0,91.7,0.906,0.866,10.377001,5.4381256103515625,132.7943992614746,-1.0
NP_0012429411_pos_1572_4609a.result,NP_001242941.1 myosin-10 isoform 1 [Homo sapiens],1572,12.5,0.55,0.52,0.01,0.99,0.0,91.46666666666668,0.9213333333333334,0.855,28.632769,-30.265113830566406,-74.8816032409668,1.0
NP_0033641_pos_828_bc41b.result,NP_003364.1 vinculin isoform VCL [Homo sapiens],828,14.0,0.68,0.67,0.17,0.84,0.01,89.83333333333333,0.879,0.6229999999999999,6.9637594,-16.066925048828125,-25.355003356933597,1.0
NP_0619163_pos_651_ddf8a.result,NP_061916.3 amyloid beta A4 precursor protein-binding family B member 1-interacting protein [Homo sapiens],651,12.0,0.96,1.0,0.01,0.99,0.0,92.83333333333331,0.913,0.8186666666666667,10.175258,-10.36811065673828,143.10470962524414,-1.0
NP_0554011_pos_555_34f06.result,NP_055401.1 hormonally up-regulated neu tumor-associated kinase [Homo sapiens],555,14.5,0.66,0.9,0.19,0.75,0.05,89.36666666666667,0.8853333333333334,0.7243333333333334,13.191225,-7.416610717773437,137.87327194213867,-1.0
NP_0021712_pos_633_60799.result,NP_002171.2 DNA-binding protein SMUBP-2 [Homo sapiens],633,14.5,0.56,0.5,0.45,0.53,0.05,89.39999999999999,0.8796666666666667,0.668,13.668905,-51.5559196472168,143.15637588500977,-1.0
NP_0012769781_pos_743_7b1fa.result,NP_001276978.1 general vesicular transport factor p115 isoform 1 [Homo sapiens],743,13.0,0.56,0.57,0.01,0.99,0.0,92.6,0.9126666666666666,0.8029999999999999,6.7814097,-34.767730712890625,-29.949840545654297,1.0
NP_0016952_pos_1438_9ab4e.result,NP_001695.2 adhesion G protein-coupled receptor B3 [Homo sapiens],1438,12.5,0.55,0.62,0.03,0.97,0.0,90.1,0.8873333333333333,0.685,9.8314295,-0.0082168579101562,143.6816749572754,-1.0
NP_0013643481_pos_595_16419.result,NP_001364348.1 rho guanine nucleotide exchange factor 11 isoform 4 [Homo sapiens],595,14.0,0.7,0.83,0.11,0.87,0.01,90.06666666666666,0.8969999999999999,0.8809999999999999,0.56244564,3.2131805419921875,-1.1435279846191406,1.0
NP_0066032_pos_451_25709.result,NP_006603.2 kinesin-like protein KIF1C [Homo sapiens],451,15.0,0.6,0.62,0.02,0.98,0.0,93.93333333333334,0.917,0.7823333333333333,9.339858,2.7813262939453125,154.01799392700195,-1.0
NP_0572322_pos_1871_f8589.result,NP_057232.2 SH3 and multiple ankyrin repeat domains protein 1 [Homo sapiens],1871,12.0,0.74,0.77,0.02,0.99,0.0,89.96666666666665,0.8889999999999999,0.644,9.404592,-0.1419296264648437,152.0184669494629,-1.0
NP_0044542_pos_211_63b60.result,"NP_004454.2 FYVE, RhoGEF and PH domain-containing protein 1 [Homo sapiens]",211,20.5,0.85,0.98,0.08,0.92,0.0,90.66666666666669,0.8970000000000001,0.8850000000000001,0.7637332,-2.684028625488281,-8.49123764038086,1.0
NP_0012713521_pos_630_d5a8d.result,NP_001271352.1 rab effector MyRIP isoform a [Homo sapiens],630,12.5,0.71,0.59,0.1,0.9,0.0,92.33333333333331,0.9036666666666666,0.7559999999999999,9.512159,4.870643615722656,151.01044082641602,-1.0
NP_0013453671_pos_9_272b8.result,NP_001345367.1 Kruppel-like factor 18 [Homo sapiens],9,13.5,0.76,0.97,0.0,1.0,0.0,93.56666666666666,0.9156666666666666,0.866,7.12394,-16.344345092773438,-24.498191833496094,1.0
NP_0685062_pos_594_af342.result,NP_068506.2 supervillin isoform 2 [Homo sapiens],594,13.0,0.71,0.8,0.01,0.99,0.0,89.5,0.8816666666666667,0.6863333333333334,3.001586,-9.033576965332031,11.80157470703125,1.0
NP_0010195541_pos_689_213f0.result,NP_001019554.1 neuron navigator 3 isoform 1 [Homo sapiens],689,17.0,0.64,0.67,0.01,0.99,0.0,90.6,0.8930000000000001,0.6863333333333334,10.46585,2.0340728759765625,131.0223503112793,-1.0
NP_0601173_pos_380_6ed26.result,NP_060117.3 pre-rRNA 2'-O-ribose RNA methyltransferase FTSJ3 [Homo sapiens],380,12.5,0.65,0.51,0.01,1.0,0.0,93.23333333333332,0.9053333333333334,0.6686666666666666,9.070904,4.695487976074219,150.91013717651367,-1.0
NP_0010731361_pos_43_eca89.result,NP_001073136.1 homeobox protein Nkx-2.1 isoform 1 [Homo sapiens],43,12.5,0.55,0.63,0.2,0.81,0.0,88.86666666666667,0.8823333333333334,0.7566666666666667,8.425833,13.20196533203125,-147.61933517456055,-1.0
NP_0043183_pos_151_6c198.result,NP_004318.3 breakpoint cluster region protein isoform 1 [Homo sapiens],151,18.0,0.83,0.94,0.07,0.93,0.0,90.43333333333332,0.9016666666666668,0.8529999999999999,0.21088836,0.6765823364257812,-0.4439544677734375,1.0
NP_0604132_pos_279_09b9a.result,NP_060413.2 F-box only protein 34 [Homo sapiens],279,13.0,0.54,0.66,0.02,0.98,0.01,91.3,0.9,0.8746666666666667,0.8659884,-0.8566131591796875,4.469413757324219,1.0
NP_1159843_pos_144_a85ed.result,NP_115984.3 neurabin-2 [Homo sapiens],144,16.5,0.68,0.81,0.02,0.98,0.0,89.96666666666665,0.8863333333333333,0.617,1.8005801,-4.266204833984375,-15.95783233642578,1.0
NP_0012904371_pos_94_88194.result,NP_001290437.1 intestine-specific homeobox [Homo sapiens],94,12.0,0.59,0.57,0.11,0.86,0.04,88.3,0.8853333333333334,0.6633333333333333,5.785836,-41.70353698730469,8.094894409179688,1.0
NP_0011596321_pos_139_b6872.result,NP_001159632.1 neurabin-1 isoform 1 [Homo sapiens],139,14.5,0.71,0.63,0.05,0.95,0.01,91.13333333333333,0.901,0.8763333333333333,1.6499685,-4.770782470703125,-15.645793914794922,1.0
NP_0010788462_pos_279_99a70.result,NP_001078846.2 colorectal mutant cancer protein isoform 1 [Homo sapiens],279,16.0,0.59,0.55,0.04,0.96,0.0,92.8,0.9043333333333332,0.6753333333333332,14.883561,-32.94629669189453,-39.51539993286133,1.0
XP_0067247161_pos_776_74807.result,XP_006724716.1 oligophrenin-1 isoform X2 [Homo sapiens],776,12.5,0.82,0.91,0.31,0.59,0.11,92.7,0.9056666666666668,0.8666666666666667,0.39750245,1.283050537109375,-1.3491363525390625,1.0
NP_1156632_pos_170_6ffff.result,NP_115663.2 retrotransposon Gag-like protein 6 [Homo sapiens],170,14.5,0.5,0.5,0.12,0.89,0.0,89.03333333333335,0.8803333333333333,0.6496666666666666,9.829537,-0.4932327270507812,144.2854347229004,-1.0
NP_0011372381_pos_389_3d52f.result,NP_001137238.1 zinc finger protein 438 isoform a [Homo sapiens],389,12.0,0.48,0.53,0.39,0.56,0.07,91.09999999999998,0.8896666666666667,0.7856666666666667,10.152708,6.6492767333984375,157.40534591674805,-1.0
NP_0013651341_pos_1693_fc772.result,NP_001365134.1 microtubule cross-linking factor 1 isoform 1 [Homo sapiens],1693,13.0,0.69,0.72,0.05,0.95,0.01,88.86666666666667,0.8849999999999999,0.6753333333333332,15.029599,-36.240867614746094,-33.64512252807617,1.0
NP_0013059631_pos_1203_ecd22.result,NP_001305963.1 desmoplakin isoform Ia [Homo sapiens],1203,15.0,0.49,0.5,0.14,0.86,0.01,91.8,0.9186666666666669,0.7733333333333334,1.493172,-11.193862915039062,-12.938129425048828,1.0
NP_0554904_pos_535_2c225.result,NP_055490.4 rootletin [Homo sapiens],535,14.5,0.74,0.75,0.3,0.71,0.01,94.5,0.921,0.8036666666666666,16.252075,-7.181999206542969,148.24066543579102,-1.0
NP_0013710561_pos_20_dc863.result,"NP_001371056.1 FYVE, RhoGEF and PH domain-containing protein 4 isoform 10 [Homo sapiens]",20,23.0,0.7,0.66,0.21,0.79,0.01,89.86666666666667,0.8813333333333334,0.8353333333333333,0.55522656,2.2722396850585938,-2.0661392211914062,1.0
NP_0010352021_pos_1212_21a61.result,NP_001035202.1 myosin-11 isoform SM2B [Homo sapiens],1212,12.5,0.6,0.51,0.0,1.0,0.0,91.9,0.922,0.7823333333333333,9.807939,15.6937255859375,151.97986221313477,-1.0
NP_0791742_pos_792_f9628.result,NP_079174.2 DENN domain-containing protein 1C isoform 1 [Homo sapiens],792,24.0,0.87,0.84,0.23,0.75,0.01,92.83333333333331,0.9186666666666669,0.7593333333333333,0.55799323,-2.285186767578125,-1.3697891235351562,1.0
NP_0557463_pos_801_34fa9.result,NP_055746.3 serine/threonine-protein phosphatase 6 regulatory subunit 1 [Homo sapiens],801,17.0,0.94,1.0,0.16,0.59,0.29,89.8,0.8886666666666666,0.6983333333333333,8.705875,-14.74835968017578,-176.75823593139648,-1.0
NP_0010765931_pos_1006_ed9c7.result,NP_001076593.1 spermatogenesis-associated protein 31A3 [Homo sapiens],1006,13.0,0.62,0.59,0.24,0.75,0.03,90.93333333333332,0.9023333333333332,0.8306666666666667,13.008293,-2.5474853515625,135.29652786254883,-1.0
NP_0011361551_pos_40_c5f77.result,NP_001136155.1 coiled-coil domain-containing protein 121 isoform 2 [Homo sapiens],40,15.5,0.55,0.53,0.1,0.91,0.0,89.86666666666667,0.8843333333333333,0.7006666666666667,10.669235,17.046951293945312,158.8935203552246,-1.0
NP_0555173_pos_563_6baea.result,NP_055517.3 uncharacterized protein KIAA0408 [Homo sapiens],563,15.0,0.62,0.6,0.03,0.97,0.0,91.26666666666668,0.8973333333333334,0.8453333333333334,12.1842785,-17.903335571289062,-26.219715118408203,1.0
NP_0012690581_pos_1223_ec6ff.result,NP_001269058.1 protein phosphatase Slingshot homolog 2 isoform 1 [Homo sapiens],1223,12.0,0.59,0.6,0.39,0.6,0.01,90.26666666666668,0.8866666666666667,0.7840000000000001,18.159569,-45.50473785400391,-161.40200424194336,-1.0
NP_0013525501_pos_101_c9731.result,NP_001352550.1 disks large-associated protein 4 isoform d [Homo sapiens],101,12.5,0.62,0.67,0.15,0.85,0.01,90.3,0.902,0.7756666666666666,2.6014314,-27.61225128173828,-0.538970947265625,1.0
NP_0015371_pos_101_da498.result,NP_001537.1 DNA-binding protein inhibitor ID-4 [Homo sapiens],101,12.5,0.45,0.54,0.03,0.97,0.0,90.6,0.8879999999999999,0.6083333333333334,22.846714,-35.063499450683594,-27.87169647216797,1.0
NP_0012734241_pos_699_e9fe5.result,NP_001273424.1 atos homolog protein A isoform 2 [Homo sapiens],699,12.0,0.54,0.58,0.04,0.96,0.01,90.16666666666669,0.8876666666666666,0.6143333333333333,9.079688,3.475311279296875,142.3466682434082,-1.0
NP_0013829281_pos_4_dad1e.result,NP_001382928.1 RNA guanine-N7 methyltransferase-activating subunit-like protein [Homo sapiens],4,12.0,0.67,0.76,0.42,0.53,0.02,92.09999999999998,0.9106666666666668,0.6463333333333333,10.6170845,-22.045867919921875,-67.6320915222168,1.0
NP_0011595801_pos_176_4d283.result,NP_001159580.1 palladin isoform 1 [Homo sapiens],176,13.5,0.78,0.96,0.01,0.99,0.0,90.36666666666667,0.8863333333333333,0.6406666666666666,10.897914,2.5437164306640625,135.7461280822754,-1.0
NP_0012879441_pos_522_c8bdb.result,NP_001287944.1 actin-binding LIM protein 3 isoform 1 [Homo sapiens],522,14.0,0.51,0.64,0.07,0.93,0.02,90.56666666666666,0.895,0.615,7.007365,-13.889739990234377,-38.95983505249024,1.0
NP_4430943_pos_20_602e5.result,NP_443094.3 capZ-interacting protein isoform 1 [Homo sapiens],20,13.0,0.81,0.97,0.01,0.99,0.0,91.3,0.8943333333333333,0.8370000000000001,0.541232,-1.0532684326171875,1.8242301940917969,1.0
NP_0012483351_pos_893_7436a.result,NP_001248335.1 multiple PDZ domain protein isoform 2 [Homo sapiens],893,12.5,0.47,0.54,0.14,0.84,0.02,88.66666666666667,0.8836666666666667,0.73,20.476368,-23.110679626464844,175.88583755493164,-1.0
NP_0011610471_pos_146_fbf5d.result,NP_001161047.1 caspase activity and apoptosis inhibitor 1 isoform 2 [Homo sapiens],146,12.0,0.66,0.89,0.11,0.89,0.0,90.5,0.8843333333333333,0.7480000000000001,11.754002,-13.320045471191406,173.52272415161133,-1.0
NP_0012392641_pos_353_75c73.result,NP_001239264.1 cingulin-like protein 1 [Homo sapiens],353,16.5,0.58,0.71,0.11,0.9,0.0,90.63333333333333,0.9006666666666666,0.8946666666666667,0.36144993,-1.9822540283203125,-1.4836082458496094,1.0
NP_6319051_pos_124_83ce4.result,NP_631905.1 actin-binding Rho-activating protein [Homo sapiens],124,12.5,0.75,0.85,0.32,0.55,0.14,88.2,0.8843333333333333,0.6816666666666666,8.983755,19.230506896972656,171.0506935119629,-1.0
NP_0010330431_pos_198_93a29.result,NP_001033043.1 dixin isoform a [Homo sapiens],198,12.0,0.58,0.56,0.12,0.88,0.01,90.26666666666668,0.8886666666666668,0.8893333333333334,0.45161897,2.572250366210937,2.704442977905273,1.0
NP_0561501_pos_858_b9533.result,NP_056150.1 mediator of RNA polymerase II transcription subunit 13-like [Homo sapiens],858,18.5,0.57,0.7,0.25,0.75,0.01,89.3,0.8850000000000001,0.7726666666666667,9.20802,-11.116378784179688,-176.7998008728027,-1.0
NP_0013362991_pos_2074_8d098.result,NP_001336299.1 histone-lysine N-methyltransferase SETD2 isoform 2 [Homo sapiens],2074,14.5,0.81,0.81,0.01,1.0,0.0,90.06666666666666,0.906,0.7936666666666667,3.3253121,-12.157066345214844,4.573123931884766,1.0
NP_0012914101_pos_105_9af38.result,"NP_001291410.1 FYVE, RhoGEF and PH domain-containing protein 4 isoform 2 [Homo sapiens]",105,23.0,0.8,0.81,0.2,0.79,0.01,90.0,0.8856666666666667,0.8413333333333334,0.4267323,0.9644241333007812,-3.0774078369140625,1.0
NP_0013098531_pos_20_4bfe0.result,NP_001309853.1 capZ-interacting protein isoform 3 [Homo sapiens],20,13.0,0.8,0.85,0.01,0.99,0.0,90.40000000000002,0.8889999999999999,0.7566666666666667,0.5924086,-1.9622344970703125,2.1524715423583984,1.0
NP_7758292_pos_12_f2298.result,"NP_775829.2 FYVE, RhoGEF and PH domain-containing protein 2 [Homo sapiens]",12,18.5,0.69,0.95,0.21,0.71,0.15,91.16666666666669,0.902,0.8706666666666667,0.40901998,2.2888107299804688,2.6936092376708984,1.0
NP_0058673_pos_487_76425.result,NP_005867.3 striated muscle preferentially expressed protein kinase isoform 1 [Homo sapiens],487,13.0,0.8,0.79,0.11,0.89,0.0,91.93333333333334,0.9,0.7706666666666667,11.44743,-10.861671447753906,-172.8645896911621,-1.0
NP_0687452_pos_226_57e14.result,NP_068745.2 homeobox protein aristaless-like 4 [Homo sapiens],226,14.5,0.59,0.53,0.02,0.98,0.0,88.76666666666667,0.891,0.6463333333333333,6.0185456,-38.714385986328125,5.990911483764648,1.0
XP_0067176931_pos_3_68493.result,XP_006717693.1 ATP-binding cassette sub-family C member 2 isoform X1 [Homo sapiens],3,13.0,0.48,0.66,0.12,0.86,0.02,92.16666666666669,0.9143333333333332,0.6469999999999999,20.145191,-2.1948394775390625,174.44040298461914,-1.0
NP_0011596321_pos_120_9bc94.result,NP_001159632.1 neurabin-1 isoform 1 [Homo sapiens],120,13.5,0.71,0.72,0.31,0.67,0.02,91.09999999999998,0.9146666666666668,0.854,0.655233,1.2545623779296875,0.9575576782226562,1.0
NP_0013378481_pos_332_1b85c.result,NP_001337848.1 putative golgin subfamily A member 8G isoform 1 [Homo sapiens],332,12.0,0.64,0.58,0.05,0.95,0.02,92.83333333333331,0.8889999999999999,0.612,20.927223,-18.360504150390625,174.39252090454102,-1.0
NP_0576292_pos_266_9c56d.result,NP_057629.2 immediate early response gene 5 protein [Homo sapiens],266,13.5,0.7,0.99,0.12,0.88,0.01,89.46666666666665,0.8889999999999999,0.7756666666666666,0.43544424,-2.161865234375,-2.889202117919922,1.0
NP_0013572272_pos_157_9af38.result,"NP_001357227.2 FYVE, RhoGEF and PH domain-containing protein 4 isoform 8 [Homo sapiens]",157,23.0,0.8,0.81,0.2,0.79,0.01,90.0,0.8856666666666667,0.8413333333333334,0.4267323,0.9644241333007812,-3.0774078369140625,1.0
NP_0013813791_pos_83_13366.result,NP_001381379.1 synaptotagmin-like protein 2 isoform t [Homo sapiens],83,12.0,0.72,0.68,0.4,0.51,0.07,90.13333333333333,0.8806666666666666,0.791,25.65094,-0.4309234619140625,126.47146224975586,-1.0
NP_0013383061_pos_174_acd50.result,NP_001338306.1 xin actin-binding repeat-containing protein 1 isoform 3 [Homo sapiens],174,18.0,0.73,0.77,0.01,0.99,0.0,89.96666666666665,0.8896666666666667,0.7923333333333332,0.37370738,-2.7165069580078125,-3.6004791259765625,1.0
NP_0013503521_pos_246_80d8a.result,NP_001350352.1 coiled-coil domain-containing protein 136 isoform 3 [Homo sapiens],246,13.0,0.57,0.62,0.09,0.9,0.05,92.8,0.9146666666666668,0.8356666666666666,5.162288,-7.13812255859375,-41.47249221801758,1.0
NP_0012434151_pos_347_9c85e.result,NP_001243415.1 golgin subfamily B member 1 isoform 1 [Homo sapiens],347,12.0,0.53,0.58,0.01,0.99,0.0,93.36666666666667,0.91,0.7156666666666668,9.35651,-1.4682159423828125,144.9719276428223,-1.0
NP_0011883011_pos_246_beea8.result,NP_001188301.1 coiled-coil domain-containing protein 136 isoform 2 [Homo sapiens],246,13.0,0.59,0.67,0.04,0.95,0.01,91.03333333333336,0.8976666666666667,0.6183333333333333,5.2957363,-8.719398498535156,-39.93574905395508,1.0
NP_0013508391_pos_1463_e7a19.result,NP_001350839.1 microtubule-associated protein 2 isoform 6 [Homo sapiens],1463,12.5,0.67,0.56,0.18,0.8,0.02,90.13333333333333,0.89,0.6829999999999999,17.640207,-28.025657653808597,-30.83369827270508,1.0
NP_0010287251_pos_820_00309.result,NP_001028725.1 cytospin-B isoform 1 [Homo sapiens],820,15.5,0.7,0.84,0.18,0.81,0.01,89.89999999999999,0.8903333333333334,0.858,0.32010922,1.3162155151367188,-0.6550559997558594,1.0
NP_0010961231_pos_388_2b8b4.result,NP_001096123.1 OTU domain-containing protein 4 isoform 3 [Homo sapiens],388,14.0,0.78,0.74,0.03,0.97,0.01,91.56666666666668,0.9066666666666668,0.8006666666666667,14.587812,-9.82758331298828,148.1348533630371,-1.0
NP_0013168511_pos_10_b0760.result,NP_001316851.1 calmodulin-3 isoform 1 [Homo sapiens],10,12.0,0.53,0.55,0.06,0.95,0.0,92.26666666666664,0.92,0.8029999999999999,8.4937525,-46.107566833496094,146.13650131225586,-1.0
NP_9192882_pos_652_4e115.result,NP_919288.2 espin-like protein isoform 1 [Homo sapiens],652,13.0,0.53,0.53,0.41,0.32,0.28,92.06666666666668,0.9136666666666668,0.8736666666666667,0.52809155,-0.656463623046875,4.022832870483398,1.0
NP_0012845321_pos_90_d1836.result,NP_001284532.1 cell division cycle-associated protein 3 isoform 3 [Homo sapiens],90,15.5,0.85,0.97,0.14,0.82,0.04,90.16666666666669,0.888,0.7006666666666667,10.719099,4.484138488769531,143.31735610961914,-1.0
NP_0013336941_pos_1938_adb8f.result,NP_001333694.1 unconventional myosin-XVIIIa isoform c [Homo sapiens],1938,14.5,0.67,0.72,0.02,0.98,0.0,92.3,0.9043333333333332,0.6933333333333334,9.665009,-2.5179443359375,155.76802444458008,-1.0
NP_1155161_pos_74_9a0a1.result,NP_115516.1 enkurin domain-containing protein 1 [Homo sapiens],74,17.5,0.67,0.66,0.22,0.59,0.22,90.3,0.8973333333333334,0.7173333333333334,1.5259641,-6.047340393066406,-1.5572547912597656,1.0
NP_0011357442_pos_312_63b0c.result,NP_001135744.2 rab11 family-interacting protein 3 isoform 2 [Homo sapiens],312,16.5,0.52,0.54,0.01,0.99,0.0,91.73333333333332,0.899,0.6093333333333333,9.05875,-1.3950347900390625,155.72297286987305,-1.0
NP_0022111_pos_31_e90ce.result,NP_002211.1 inositol-trisphosphate 3-kinase A [Homo sapiens],31,28.5,0.8,0.88,0.02,0.97,0.0,91.83333333333331,0.9043333333333332,0.8703333333333333,0.0,0.0,0.0,1.0
NP_9408904_pos_734_5f16a.result,NP_940890.4 protein FAM83H [Homo sapiens],734,18.0,0.54,0.54,0.14,0.87,0.0,89.89999999999999,0.8933333333333334,0.7426666666666666,12.633644,-18.43370819091797,-28.607357025146484,1.0
NP_0011389404_pos_841_dbb7a.result,NP_001138940.4 cytospin-A isoform 1 [Homo sapiens],841,14.5,0.7,0.78,0.18,0.82,0.01,90.43333333333334,0.8953333333333333,0.8873333333333333,0.32049578,1.4749755859375,-1.3490676879882812,1.0
NP_0051383_pos_471_a522a.result,"NP_005138.3 dnaJ homolog subfamily A member 3, mitochondrial isoform 1 [Homo sapiens]",471,12.0,0.51,0.67,0.15,0.85,0.01,92.83333333333331,0.9106666666666668,0.678,11.286856,-37.237571716308594,-44.63541030883789,1.0
XP_0243029141_pos_429_37918.result,XP_024302914.1 POTE ankyrin domain family member A isoform X2 [Homo sapiens],429,17.0,0.57,0.52,0.27,0.59,0.13,93.7,0.9193333333333332,0.7959999999999999,11.886431,-25.05987548828125,-33.61909103393555,1.0
NP_0012694621_pos_335_d0aca.result,NP_001269462.1 leucine zipper putative tumor suppressor 3 isoform 2 [Homo sapiens],335,13.5,0.58,0.5,0.01,0.99,0.0,91.43333333333334,0.9233333333333332,0.8556666666666667,20.110926,14.428001403808594,150.78340530395508,-1.0
NP_0013336941_pos_30_248a3.result,NP_001333694.1 unconventional myosin-XVIIIa isoform c [Homo sapiens],30,12.5,0.6,0.62,0.07,0.94,0.0,90.13333333333333,0.887,0.6843333333333333,8.388761,-44.72330856323242,-41.94987106323242,1.0
NP_0013379241_pos_1032_38595.result,NP_001337924.1 ubiquitin carboxyl-terminal hydrolase 54 isoform 4 [Homo sapiens],1032,12.0,0.61,0.75,0.01,0.99,0.0,91.09999999999998,0.8966666666666668,0.883,0.30900878,0.2927703857421875,2.386285781860352,1.0
XP_0052695331_pos_143_d25e3.result,XP_005269533.1 cardiac-enriched FHL2-interacting protein isoform X1 [Homo sapiens],143,16.5,0.61,0.75,0.17,0.82,0.01,90.76666666666668,0.892,0.8866666666666667,0.4211866,0.4867019653320312,-3.5456085205078125,1.0
NP_0013505991_pos_11_c212b.result,NP_001350599.1 calmodulin-1 isoform 1 [Homo sapiens],11,12.0,0.54,0.58,0.05,0.95,0.0,91.83333333333331,0.9163333333333332,0.7516666666666666,9.320945,-9.239089965820312,168.3973274230957,-1.0
NP_0013713761_pos_691_458a4.result,NP_001371376.1 sorbin and SH3 domain-containing protein 1 isoform 26 [Homo sapiens],691,12.0,0.53,0.56,0.04,0.96,0.01,91.7,0.9116666666666668,0.868,0.89002633,5.178497314453125,2.261545181274414,1.0
NP_0012712261_pos_976_bc9d9.result,"NP_001271226.1 1-phosphatidylinositol 4,5-bisphosphate phosphodiesterase beta-2 isoform 2 [Homo sapiens]",976,12.0,0.61,0.56,0.05,0.95,0.02,90.36666666666667,0.8893333333333334,0.6153333333333334,17.323929,2.455184936523437,136.85737228393555,-1.0
NP_0012952991_pos_284_4e115.result,NP_001295299.1 espin-like protein isoform 2 [Homo sapiens],284,13.0,0.53,0.53,0.41,0.32,0.28,92.06666666666668,0.9136666666666668,0.8736666666666667,0.52809155,-0.656463623046875,4.022832870483398,1.0
NP_0011716691_pos_310_25e97.result,NP_001171669.1 src substrate cortactin isoform c [Homo sapiens],310,12.5,0.7,0.71,0.28,0.7,0.03,92.73333333333336,0.9206666666666666,0.763,1.6727923,-5.19427490234375,-15.68674087524414,1.0
NP_0658211_pos_178_39982.result,NP_065821.1 cingulin [Homo sapiens],178,15.0,0.76,0.91,0.1,0.9,0.0,91.86666666666667,0.9036666666666668,0.9016666666666668,0.4370821,-1.7809371948242188,-2.033973693847656,1.0
NP_0013051551_pos_910_0a641.result,NP_001305155.1 ninein-like protein isoform 2 [Homo sapiens],910,13.0,0.45,0.5,0.02,0.98,0.0,89.63333333333333,0.8886666666666668,0.6673333333333334,7.0092845,-24.260528564453125,-7.792228698730469,1.0
NP_0010287743_pos_506_458f6.result,NP_001028774.3 microtubule-associated tumor suppressor candidate 2 isoform a [Homo sapiens],506,12.0,0.71,0.85,0.13,0.87,0.01,89.76666666666667,0.8793333333333333,0.7133333333333333,2.510207,-8.95745849609375,-11.90960693359375,1.0
NP_0037932_pos_1372_bde48.result,NP_003793.2 myosin-13 [Homo sapiens],1372,14.5,0.6,0.52,0.06,0.94,0.0,94.33333333333331,0.9163333333333332,0.8323333333333333,9.169285,1.5225296020507812,149.99109268188477,-1.0
NP_0013102711_pos_2144_e34f7.result,NP_001310271.1 protein ELYS isoform 2 [Homo sapiens],2144,13.5,0.7,0.8,0.31,0.63,0.07,90.03333333333335,0.8923333333333333,0.6656666666666667,10.237111,2.2616119384765625,145.19211196899414,-1.0
NP_0013643471_pos_602_43512.result,NP_001364347.1 rho guanine nucleotide exchange factor 11 isoform 3 [Homo sapiens],602,14.0,0.68,0.7,0.1,0.88,0.02,91.43333333333332,0.908,0.8973333333333334,0.7778238,3.816360473632813,-0.3282203674316406,1.0
NP_0011243962_pos_587_1f514.result,NP_001124396.2 transmembrane protein 201 isoform 1 [Homo sapiens],587,12.0,0.57,0.79,0.05,0.96,0.0,90.59999999999998,0.891,0.787,10.077803,-10.022735595703123,148.34206008911133,-1.0
XP_0168739551_pos_197_93a29.result,XP_016873955.1 dixin isoform X1 [Homo sapiens],197,12.0,0.58,0.56,0.12,0.88,0.01,90.26666666666668,0.8886666666666668,0.8893333333333334,0.45161897,2.572250366210937,2.704442977905273,1.0
NP_0011858671_pos_455_59260.result,NP_001185867.1 dystrobrevin alpha isoform 10 [Homo sapiens],455,12.5,0.67,0.65,0.02,0.98,0.0,91.9,0.906,0.719,10.110658,-16.87049102783203,-15.616985321044922,1.0
NP_0013803101_pos_419_156af.result,NP_001380310.1 capping protein-inhibiting regulator of actin dynamics isoform 1 [Homo sapiens],419,16.0,0.87,0.99,0.01,0.99,0.0,89.2,0.896,0.6323333333333333,13.597223,12.704704284667969,143.7551383972168,-1.0
NP_0012654711_pos_197_93e8a.result,NP_001265471.1 dixin isoform c [Homo sapiens],197,12.0,0.53,0.51,0.12,0.89,0.0,91.13333333333333,0.9023333333333332,0.8816666666666667,0.43912438,2.99395751953125,3.178976058959961,1.0
NP_0004853_pos_1423_46136.result,NP_000485.3 collagen alpha-1(XVII) chain [Homo sapiens],1423,14.0,0.76,0.98,0.09,0.9,0.02,90.76666666666668,0.892,0.7896666666666667,9.793835,3.7522125244140634,144.3325157165527,-1.0
NP_0792901_pos_150_b7962.result,NP_079290.1 rho guanine nucleotide exchange factor 15 [Homo sapiens],150,12.5,0.79,0.95,0.27,0.68,0.03,90.1,0.8923333333333333,0.8406666666666668,0.33222878,0.5508041381835938,2.5393428802490234,1.0
NP_0013398931_pos_1059_fa1d6.result,NP_001339893.1 DENN domain-containing protein 1A isoform 3 [Homo sapiens],1059,15.5,0.87,0.84,0.04,0.96,0.01,92.06666666666668,0.9073333333333332,0.761,0.5179221,1.564056396484375,-4.185115814208984,1.0
NP_0028042_pos_23_c954b.result,NP_002804.2 26S proteasome non-ATPase regulatory subunit 9 isoform 1 [Homo sapiens],23,12.0,0.51,0.5,0.13,0.87,0.0,90.7,0.8893333333333334,0.6416666666666667,4.940174,-19.26465606689453,-7.514007568359375,1.0
NP_0011939461_pos_65_5cc85.result,NP_001193946.1 smoothelin isoform d [Homo sapiens],65,12.0,0.56,0.52,0.02,0.98,0.0,92.63333333333334,0.9086666666666666,0.7443333333333334,11.883866,-55.814823150634766,134.76662063598633,-1.0
NP_0013662201_pos_1350_bacb6.result,NP_001366220.1 bromodomain-containing protein 4 isoform long [Homo sapiens],1350,16.0,0.8,0.78,0.04,0.96,0.01,91.36666666666667,0.918,0.7479999999999999,13.760239,10.05535125732422,147.48757553100586,-1.0
NP_0012744201_pos_707_37b86.result,NP_001274420.1 methylcytosine dioxygenase TET3 isoform 1 [Homo sapiens],707,18.0,0.76,0.99,0.01,0.99,0.0,88.66666666666667,0.8876666666666666,0.7516666666666666,3.574826,-10.666885375976562,1.9463958740234373,1.0
NP_6945743_pos_244_78c18.result,NP_694574.3 NEDD4-binding protein 1 [Homo sapiens],244,14.0,0.54,0.58,0.06,0.94,0.0,90.33333333333331,0.8983333333333334,0.8033333333333333,1.0378327,-7.8983154296875,3.841354370117188,1.0
NP_0055492_pos_438_c0dbd.result,NP_005549.2 ladinin-1 [Homo sapiens],438,15.0,0.62,0.5,0.2,0.77,0.02,89.83333333333333,0.884,0.7773333333333333,0.38748676,-1.4059066772460938,-1.152374267578125,1.0
NP_0013624701_pos_156_aa0cd.result,NP_001362470.1 microtubule-associated protein 2 isoform 26 [Homo sapiens],156,12.5,0.67,0.59,0.18,0.79,0.04,90.7,0.8893333333333334,0.7160000000000001,22.930397,-39.19163513183594,-43.70529556274414,1.0
NP_9558051_pos_612_ea54b.result,NP_955805.1 coiled-coil domain-containing protein 80 precursor [Homo sapiens],612,21.0,0.56,0.6,0.28,0.71,0.02,89.0,0.882,0.629,12.083425,-16.303504943847656,-25.811187744140625,1.0
NP_0011801_pos_218_ea845.result,NP_001180.1 homeobox protein Nkx-3.2 [Homo sapiens],218,13.5,0.55,0.57,0.15,0.85,0.02,89.5,0.901,0.6693333333333333,8.7376585,-8.200828552246094,-174.96596908569336,-1.0
NP_0010346691_pos_509_c12ef.result,NP_001034669.1 microtubule-associated protein 9 [Homo sapiens],509,13.0,0.54,0.55,0.02,0.98,0.0,92.26666666666668,0.9003333333333333,0.6689999999999999,7.926164,-32.34784698486328,-27.021995544433597,1.0
XP_0472927511_pos_1929_2be85.result,XP_047292751.1 myosin XVB isoform X19 [Homo sapiens],1929,14.5,0.88,0.99,0.12,0.85,0.02,89.2,0.875,0.6113333333333334,1.4923748,-3.980140686035156,-14.628814697265623,1.0
NP_0014111131_pos_106_1ce17.result,NP_001411113.1 transmembrane protein 247 [Homo sapiens],106,12.0,0.52,0.73,0.03,0.97,0.01,92.76666666666668,0.9086666666666666,0.8086666666666668,5.7760754,-20.31182861328125,-4.182018280029297,1.0
NP_0027323_pos_215_c2afd.result,NP_002732.3 serine/threonine-protein kinase N1 isoform 2 [Homo sapiens],215,12.0,0.51,0.53,0.11,0.89,0.02,89.89999999999999,0.8936666666666667,0.6063333333333333,20.298027,-7.1510009765625,154.43793869018555,-1.0
XP_0115398581_pos_177_ba851.result,XP_011539858.1 45 kDa calcium-binding protein isoform X3 [Homo sapiens],177,12.5,0.54,0.53,0.16,0.83,0.01,92.8,0.9116666666666668,0.8493333333333334,13.13759,-7.1276397705078125,32.5569144487381,1.0
NP_0011855501_pos_547_d0598.result,NP_001185550.1 xin actin-binding repeat-containing protein 1 isoform 2 [Homo sapiens],547,15.5,0.6,0.8,0.26,0.61,0.14,92.3,0.915,0.846,0.65491694,-0.5014266967773438,-5.785350799560547,1.0
NP_0011855501_pos_51_6e1c1.result,NP_001185550.1 xin actin-binding repeat-containing protein 1 isoform 2 [Homo sapiens],51,13.0,0.63,0.57,0.01,0.99,0.0,90.86666666666667,0.894,0.6076666666666667,18.573338,-13.667823791503906,163.08713150024414,-1.0
NP_8590633_pos_391_c4871.result,NP_859063.3 KN motif and ankyrin repeat domain-containing protein 4 isoform 1 [Homo sapiens],391,12.0,0.61,0.61,0.22,0.7,0.12,91.13333333333333,0.891,0.6156666666666667,11.569504,-9.305557250976562,158.75797653198242,-1.0
XP_0168811201_pos_536_7e23c.result,XP_016881120.1 band 4.1-like protein 3 isoform X23 [Homo sapiens],536,12.5,0.69,0.7,0.03,0.97,0.01,89.66666666666667,0.8903333333333334,0.6136666666666667,9.813241,7.020866394042969,140.82647323608398,-1.0
NP_0012772601_pos_748_f9628.result,NP_001277260.1 DENN domain-containing protein 1C isoform 2 [Homo sapiens],748,24.0,0.87,0.84,0.23,0.75,0.01,92.83333333333331,0.9186666666666669,0.7593333333333333,0.55799323,-2.285186767578125,-1.3697891235351562,1.0
NP_1162552_pos_353_75c73.result,NP_116255.2 cingulin-like protein 1 [Homo sapiens],353,16.5,0.58,0.71,0.11,0.9,0.0,90.63333333333333,0.9006666666666666,0.8946666666666667,0.36144993,-1.9822540283203125,-1.4836082458496094,1.0
NP_0012349261_pos_902_d68cd.result,NP_001234926.1 CAP-Gly domain-containing linker protein 1 isoform c [Homo sapiens],902,14.0,0.54,0.56,0.07,0.93,0.0,95.3,0.9216666666666667,0.8546666666666667,25.591084,-6.354331970214844,-8.547435760498047,1.0
NP_7573862_pos_465_343b3.result,NP_757386.2 SURP and G-patch domain-containing protein 1 [Homo sapiens],465,12.5,0.55,0.6,0.01,0.99,0.0,92.0,0.8953333333333333,0.6536666666666667,9.37049,5.6243896484375,147.50065231323242,-1.0
NP_0010938821_pos_404_b6903.result,NP_001093882.1 ribonuclease 3 isoform 2 [Homo sapiens],404,16.0,0.66,0.7,0.01,0.99,0.0,91.46666666666664,0.906,0.6880000000000001,2.744103,-19.069190979003903,-19.82703399658203,1.0
XP_0472973131_pos_305_0dc8e.result,XP_047297313.1 coiled-coil domain-containing protein 188 isoform X1 [Homo sapiens],305,13.5,0.53,0.52,0.03,0.97,0.01,92.4,0.903,0.7600000000000001,9.170959,-22.30659484863281,-7.504669189453125,1.0
NP_0013386221_pos_758_9712c.result,NP_001338622.1 pleckstrin homology domain-containing family G member 2 isoform 2 [Homo sapiens],758,13.0,0.57,0.77,0.0,1.0,0.0,91.53333333333332,0.8969999999999999,0.828,1.5975399,-5.7264251708984375,-4.083721160888672,1.0
NP_0013179481_pos_13_7e1ff.result,NP_001317948.1 cell division cycle-associated protein 3 isoform 5 [Homo sapiens],13,15.5,0.86,0.97,0.14,0.83,0.03,91.33333333333331,0.8969999999999999,0.7056666666666667,10.476807,2.7325592041015625,143.90481185913086,-1.0
NP_0013174171_pos_566_f2012.result,NP_001317417.1 polyhomeotic-like protein 2 isoform c [Homo sapiens],566,16.0,0.53,0.5,0.19,0.76,0.07,88.56666666666668,0.883,0.676,0.6600939,-1.4883956909179688,-2.0068016052246094,1.0
NP_0010082121_pos_161_bdba5.result,NP_001008212.1 optineurin [Homo sapiens],161,13.5,0.63,0.57,0.23,0.5,0.28,91.46666666666664,0.9036666666666668,0.7356666666666666,9.5264635,5.80712890625,151.96349716186523,-1.0
NP_0010933911_pos_27_89125.result,NP_001093391.1 melanoma-associated antigen B16 isoform 1 [Homo sapiens],27,12.0,0.68,0.65,0.01,0.99,0.0,90.73333333333332,0.8896666666666667,0.6596666666666667,10.999399,16.386062622070312,143.10559463500977,-1.0
NP_0657682_pos_770_16c32.result,NP_065768.2 protein Shroom4 [Homo sapiens],770,15.0,0.65,0.81,0.15,0.84,0.02,91.06666666666666,0.8943333333333333,0.8533333333333334,1.795416,-10.21966552734375,-18.434776306152344,1.0
NP_0011860851_pos_125_982e9.result,NP_001186085.1 histone acetyltransferase KAT7 isoform 3 [Homo sapiens],125,14.5,0.59,0.66,0.09,0.91,0.0,91.16666666666669,0.8940000000000001,0.7403333333333334,32.020267,38.114837646484375,-2.959754943847656,1.0
NP_0011859011_pos_941_0a5fe.result,NP_001185901.1 NHS-like protein 3 isoform 2 [Homo sapiens],941,16.0,0.85,0.92,0.07,0.94,0.0,91.03333333333336,0.9036666666666668,0.8326666666666666,10.150658,4.911689758300781,145.9734001159668,-1.0
NP_0012756611_pos_280_57cba.result,NP_001275661.1 testis-expressed protein 2 isoform 2 [Homo sapiens],280,12.0,0.61,0.57,0.28,0.67,0.07,89.93333333333332,0.8889999999999999,0.7186666666666666,9.652184,-9.770530700683594,-13.708797454833984,1.0
NP_0011070181_pos_194_c1eea.result,NP_001107018.1 LIM domain and actin-binding protein 1 isoform 1 [Homo sapiens],194,14.5,0.7,0.83,0.1,0.88,0.03,90.76666666666664,0.894,0.7893333333333333,1.6102241,-10.91704559326172,-8.610954284667969,1.0
NP_0012296901_pos_100_fda81.result,NP_001229690.1 disks large-associated protein 1 isoform 3 [Homo sapiens],100,12.5,0.54,0.52,0.14,0.85,0.01,90.4,0.9063333333333334,0.8076666666666666,3.3511682,-31.101287841796875,7.826253890991211,1.0
XP_0052454221_pos_178_39982.result,XP_005245422.1 cingulin isoform X1 [Homo sapiens],178,15.0,0.76,0.91,0.1,0.9,0.0,91.86666666666667,0.9036666666666668,0.9016666666666668,0.4370821,-1.7809371948242188,-2.033973693847656,1.0
NP_0013073661_pos_1072_38595.result,NP_001307366.1 ubiquitin carboxyl-terminal hydrolase 54 isoform 2 [Homo sapiens],1072,12.0,0.61,0.75,0.01,0.99,0.0,91.09999999999998,0.8966666666666668,0.883,0.30900878,0.2927703857421875,2.386285781860352,1.0
NP_0010043033_pos_9_e4686.result,NP_001004303.3 FYN-binding protein 2 [Homo sapiens],9,14.5,0.62,0.67,0.1,0.9,0.01,90.4,0.8923333333333333,0.628,1.5460337,-8.366111755371094,-14.234382629394531,1.0
NP_0012349181_pos_493_6191b.result,NP_001234918.1 melanoma inhibitory activity protein 2 isoform 6 [Homo sapiens],493,14.5,0.61,0.62,0.16,0.81,0.03,91.06666666666666,0.8966666666666668,0.6306666666666666,10.349695,4.548118591308594,150.98662948608398,-1.0
NP_0011596331_pos_202_0d25a.result,NP_001159633.1 neurabin-1 isoform 2 [Homo sapiens],202,17.5,0.73,0.77,0.12,0.85,0.05,90.63333333333333,0.896,0.8700000000000001,0.43999025,-0.930419921875,1.0172004699707031,1.0
NP_0066532_pos_2265_14a21.result,NP_006653.2 helicase SRCAP [Homo sapiens],2265,12.0,0.68,0.89,0.17,0.83,0.01,91.2,0.8956666666666667,0.7193333333333333,10.492786,-3.1509780883789062,137.69407272338867,-1.0
NP_0010740102_pos_1754_bc2c8.result,NP_001074010.2 MAX gene-associated protein isoform 2 [Homo sapiens],1754,13.0,0.67,0.7,0.1,0.9,0.01,91.4,0.8986666666666666,0.8156666666666667,11.160687,-5.169937133789063,137.9846229553223,-1.0
NP_0010268843_pos_977_e7df2.result,NP_001026884.3 inverted formin-2 isoform 2 [Homo sapiens],977,16.5,0.73,0.92,0.17,0.79,0.03,91.83333333333331,0.9033333333333332,0.879,9.8719,-5.801719665527344,-177.2649040222168,-1.0
NP_0011294712_pos_1353_f1259.result,NP_001129471.2 AP-4 complex accessory subunit RUSC2 isoform 1 [Homo sapiens],1353,12.5,0.73,0.64,0.08,0.92,0.0,90.43333333333334,0.8863333333333333,0.834,9.704011,1.4135284423828125,151.19707107543945,-1.0
NP_0012392641_pos_676_8ff66.result,NP_001239264.1 cingulin-like protein 1 [Homo sapiens],676,14.5,0.59,0.55,0.14,0.87,0.0,94.86666666666667,0.9256666666666667,0.8253333333333334,5.257686,-36.92192077636719,-25.022891998291016,1.0
NP_0010774301_pos_1255_4338b.result,NP_001077430.1 WD repeat-containing protein 62 isoform 1 [Homo sapiens],1255,12.5,0.62,0.61,0.06,0.94,0.01,90.2,0.8843333333333333,0.6753333333333335,10.678031,-4.09600830078125,112.1142463684082,-1.0
NP_0010739381_pos_227_5e4ea.result,NP_001073938.1 F-box only protein 46 [Homo sapiens],227,16.5,0.7,0.91,0.03,0.97,0.01,89.3,0.8856666666666667,0.7803333333333334,13.510569,31.64717102050781,145.17193222045898,-1.0
NP_0013337391_pos_189_addcb.result,NP_001333739.1 disks large-associated protein 2 isoform 3 [Homo sapiens],189,12.5,0.55,0.54,0.13,0.86,0.01,90.33333333333331,0.899,0.8076666666666666,3.2953665,-30.98314666748047,7.683229446411133,1.0
NP_0011044881_pos_666_5f4e1.result,NP_001104488.1 neuron navigator 2 isoform 3 [Homo sapiens],666,17.0,0.71,0.74,0.01,0.99,0.0,90.13333333333333,0.896,0.6726666666666666,1.7606647,-13.477287292480469,-7.340545654296875,1.0
NP_0012698031_pos_88_61132.result,NP_001269803.1 probable global transcription activator SNF2L1 isoform d [Homo sapiens],88,13.5,0.62,0.54,0.04,0.96,0.0,92.66666666666669,0.9123333333333332,0.8363333333333333,11.163949,-7.42034912109375,-10.1171875,1.0
NP_0011858791_pos_1694_fb8d8.result,NP_001185879.1 unconventional myosin-XVI isoform 1 [Homo sapiens],1694,12.0,0.74,0.88,0.05,0.96,0.0,91.83333333333331,0.908,0.8556666666666667,10.306567,6.124214172363281,133.47964096069336,-1.0
NP_0011393_pos_1990_f749f.result,NP_001139.3 ankyrin-2 isoform 1 [Homo sapiens],1990,18.5,0.88,0.99,0.01,0.99,0.0,94.03333333333336,0.9326666666666666,0.898,1.3648853,1.9562911987304688,-12.258071899414062,1.0
NP_0066312_pos_6_5e6aa.result,NP_006631.2 septin-9 isoform c [Homo sapiens],6,15.5,0.71,0.7,0.16,0.68,0.17,91.96666666666664,0.908,0.6739999999999999,1.0976802,-6.2323150634765625,-4.471599578857422,1.0
XP_0472965371_pos_126_1568b.result,XP_047296537.1 sorting nexin-21 isoform X5 [Homo sapiens],126,14.0,0.7,0.54,0.34,0.38,0.26,89.83333333333333,0.8889999999999999,0.754,17.57597,-79.32002258300781,-150.6630821228027,-1.0
NP_0012642321_pos_496_da746.result,NP_001264232.1 POTE ankyrin domain family member B2 [Homo sapiens],496,12.0,0.62,0.51,0.09,0.92,0.0,94.13333333333333,0.9203333333333332,0.7843333333333332,9.012508,-18.026931762695312,-179.62900924682617,-1.0
NP_0012432001_pos_176_a2c55.result,NP_001243200.1 visual system homeobox 1 isoform c [Homo sapiens],176,12.0,0.65,0.53,0.01,0.99,0.0,88.96666666666665,0.886,0.619,5.3704743,-35.15982818603516,5.719253540039063,1.0
NP_0012589821_pos_114_12698.result,NP_001258982.1 MORF4 family-associated protein 1 isoform a [Homo sapiens],114,12.0,0.5,0.51,0.02,0.98,0.0,92.53333333333336,0.907,0.627,9.4854965,-14.486045837402344,164.8441047668457,-1.0
NP_1159843_pos_208_db09b.result,NP_115984.3 neurabin-2 [Homo sapiens],208,17.5,0.74,0.64,0.03,0.96,0.01,90.86666666666667,0.899,0.8753333333333333,0.59929293,-2.9170150756835938,-0.9714241027832032,1.0
NP_0011391911_pos_200_d10b1.result,NP_001139191.1 SH2 domain-containing protein 4B isoform 2 [Homo sapiens],200,12.5,0.46,0.62,0.05,0.95,0.0,93.06666666666666,0.9166666666666666,0.8713333333333333,0.29505715,-1.7768783569335938,-0.2696800231933594,1.0
NP_0025381_pos_776_84159.result,NP_002538.1 oligophrenin-1 [Homo sapiens],776,12.5,0.87,0.97,0.33,0.46,0.25,91.40000000000002,0.8886666666666666,0.8656666666666667,0.3727648,1.8236312866210935,-1.1968231201171875,1.0
NP_0059681_pos_491_8fe2d.result,NP_005968.1 E3 ubiquitin-protein ligase RNF6 isoform 1 [Homo sapiens],491,13.0,0.68,0.72,0.2,0.79,0.01,90.5,0.883,0.844,11.231126,12.716476440429688,156.70220565795898,-1.0
NP_0789452_pos_378_18c59.result,NP_078945.2 ankyrin repeat domain-containing protein 55 [Homo sapiens],378,15.5,0.63,0.61,0.08,0.92,0.02,89.7,0.886,0.6776666666666666,1.0141134,-1.8719940185546875,-10.01787567138672,1.0
NP_0012950761_pos_1205_daf47.result,NP_001295076.1 pleckstrin homology domain-containing family G member 3 [Homo sapiens],1205,16.5,0.8,0.77,0.04,0.96,0.0,92.03333333333336,0.908,0.7360000000000001,0.22200918,-1.5135955810546875,-0.6436882019042969,1.0
NP_0012429411_pos_1151_376ef.result,NP_001242941.1 myosin-10 isoform 1 [Homo sapiens],1151,19.0,0.56,0.55,0.02,0.98,0.0,94.59999999999998,0.9086666666666666,0.7323333333333334,41.01864,7.047645568847656,147.95734786987305,-1.0
NP_0010138631_pos_388_fa14d.result,NP_001013863.1 signal-transducing adaptor protein 2 isoform 2 [Homo sapiens],388,16.5,0.66,0.72,0.02,0.98,0.0,92.4,0.911,0.8109999999999999,9.496741,-21.58898162841797,138.5335350036621,-1.0
XP_0472965361_pos_126_bd4e3.result,XP_047296536.1 sorting nexin-21 isoform X4 [Homo sapiens],126,14.0,0.65,0.53,0.34,0.38,0.27,89.59999999999998,0.888,0.7616666666666667,17.473915,-78.5751953125,-150.58366012573242,-1.0
NP_0601173_pos_548_bc3ea.result,NP_060117.3 pre-rRNA 2'-O-ribose RNA methyltransferase FTSJ3 [Homo sapiens],548,15.5,0.72,0.63,0.03,0.97,0.0,90.43333333333334,0.8893333333333334,0.6663333333333333,8.9688,-16.318023681640625,169.60051345825195,-1.0
NP_0013336941_pos_1948_2cb85.result,NP_001333694.1 unconventional myosin-XVIIIa isoform c [Homo sapiens],1948,16.0,0.65,0.68,0.08,0.93,0.0,92.63333333333333,0.9023333333333332,0.771,13.737727,-2.9449386596679688,151.6286277770996,-1.0
NP_0012789702_pos_198_80d56.result,NP_001278970.2 hematopoietic lineage cell-specific protein isoform 2 [Homo sapiens],198,12.0,0.71,0.8,0.18,0.82,0.01,91.96666666666664,0.914,0.7116666666666666,1.2117974,-6.960983276367188,-10.989356994628906,1.0
NP_5108802_pos_1929_513e5.result,NP_510880.2 unconventional myosin-XVIIIa isoform a [Homo sapiens],1929,16.0,0.62,0.59,0.08,0.93,0.0,91.56666666666668,0.8996666666666667,0.7146666666666667,13.648339,-4.123619079589844,149.68947982788086,-1.0
NP_1490911_pos_841_05142.result,NP_149091.1 cadherin-related family member 1 isoform 1 precursor [Homo sapiens],841,22.5,0.72,0.73,0.04,0.96,0.01,92.76666666666664,0.914,0.8736666666666667,10.475515,3.709999084472656,142.5821418762207,-1.0
NP_6602011_pos_131_360bf.result,NP_660201.1 calcium-binding protein 4 isoform a [Homo sapiens],131,15.0,0.61,0.61,0.01,0.99,0.0,89.76666666666665,0.894,0.6436666666666667,10.085455,-2.6040191650390625,154.18923568725586,-1.0
NP_0013098521_pos_20_590ce.result,NP_001309852.1 capZ-interacting protein isoform 2 [Homo sapiens],20,13.0,0.76,0.94,0.01,0.99,0.0,91.16666666666669,0.8943333333333334,0.8406666666666666,0.69321305,-2.3677749633789062,0.931987762451172,1.0
NP_0659103_pos_1054_4b412.result,NP_065910.3 protein Shroom3 [Homo sapiens],1054,21.0,0.73,0.69,0.06,0.94,0.01,90.33333333333331,0.8956666666666667,0.8436666666666667,0.51536644,1.4976654052734375,2.582099914550781,1.0
NP_0010789213_pos_1006_efd5e.result,NP_001078921.3 spermatogenesis-associated protein 31A1 [Homo sapiens],1006,12.5,0.63,0.61,0.23,0.77,0.02,90.16666666666669,0.8956666666666667,0.8106666666666668,12.963607,-4.09588623046875,135.2526741027832,-1.0
NP_0618482_pos_318_7230d.result,NP_061848.2 telomeric repeat-binding factor 2-interacting protein 1 [Homo sapiens],318,13.0,0.63,0.68,0.2,0.8,0.0,91.6,0.913,0.7093333333333334,10.934347,9.672355651855469,153.8059120178223,-1.0
NP_0011855501_pos_591_2cc06.result,NP_001185550.1 xin actin-binding repeat-containing protein 1 isoform 2 [Homo sapiens],591,14.0,0.66,0.94,0.05,0.94,0.05,91.96666666666664,0.91,0.8856666666666667,0.73431784,-0.8528900146484375,-4.02740478515625,1.0
XP_0168721401_pos_799_533fc.result,XP_016872140.1 uncharacterized protein C10orf68 isoform X36 [Homo sapiens],799,12.0,0.81,0.86,0.07,0.93,0.02,89.83333333333333,0.905,0.8126666666666668,10.32833,15.971061706542969,146.66768264770508,-1.0
XP_0168756601_pos_189_87a13.result,XP_016875660.1 neuron navigator 3 isoform X26 [Homo sapiens],189,17.0,0.58,0.5,0.01,0.99,0.0,91.26666666666668,0.9003333333333333,0.7053333333333333,1.8896453,-13.813995361328123,-8.239387512207031,1.0
NP_0090492_pos_1906_e5bf0.result,NP_009049.2 triple functional domain protein [Homo sapiens],1906,12.5,0.71,0.77,0.01,0.99,0.0,90.0,0.8883333333333333,0.6649999999999999,8.720576,-9.613357543945312,-171.86017990112305,-1.0
NP_0012846831_pos_29_ea434.result,NP_001284683.1 G patch domain-containing protein 2 isoform 2 [Homo sapiens],29,13.0,0.65,0.67,0.01,0.99,0.0,89.46666666666665,0.8846666666666666,0.6146666666666668,6.240941,-17.167518615722656,8.330671310424805,1.0
NP_0644471_pos_244_1352b.result,NP_064447.1 barH-like 2 homeobox protein [Homo sapiens],244,13.5,0.59,0.55,0.02,0.98,0.0,88.8,0.8936666666666667,0.7546666666666667,9.021282,2.548179626464844,155.3518180847168,-1.0
NP_0010358121_pos_199_63f48.result,NP_001035812.1 protein FAM110A [Homo sapiens],199,13.0,0.67,0.62,0.03,0.97,0.0,91.33333333333331,0.901,0.8286666666666666,6.855649,-15.375656127929688,-21.95336532592773,1.0
NP_0010016701_pos_831_772a6.result,NP_001001670.1 spermatogenesis-associated protein 31D1 [Homo sapiens],831,14.0,0.57,0.59,0.11,0.86,0.07,93.33333333333331,0.9183333333333334,0.8093333333333333,13.101991,-38.224639892578125,-33.32745742797852,1.0
NP_0659103_pos_781_0ce83.result,NP_065910.3 protein Shroom3 [Homo sapiens],781,14.5,0.82,0.87,0.05,0.95,0.01,90.7,0.8923333333333333,0.8643333333333333,0.6248892,3.843574523925781,5.011552810668945,1.0
NP_0013818211_pos_194_8a90c.result,NP_001381821.1 LIM domain and actin-binding protein 1 isoform 8 [Homo sapiens],194,14.5,0.76,0.93,0.09,0.89,0.03,90.6,0.8926666666666666,0.8173333333333334,1.7138124,-11.796554565429688,-11.013710021972656,1.0
NP_0010360371_pos_93_00b19.result,NP_001036037.1 chromodomain-helicase-DNA-binding protein 2 isoform 2 [Homo sapiens],93,17.5,0.88,0.94,0.02,0.98,0.0,89.66666666666667,0.8893333333333334,0.6096666666666667,2.3751233,-7.765960693359375,-20.82427978515625,1.0
NP_0012390291_pos_636_d605e.result,NP_001239029.1 kinesin-like protein KIF21B isoform 1 [Homo sapiens],636,12.0,0.65,0.68,0.3,0.5,0.26,92.90000000000002,0.9113333333333332,0.7276666666666666,25.869709,9.712760925292969,144.89593124389648,-1.0
NP_0013378581_pos_4058_6e66e.result,NP_001337858.1 protein AHNAK2 isoform 2 [Homo sapiens],4058,12.0,0.54,0.5,0.2,0.76,0.04,89.2,0.879,0.625,8.990156,-22.961257934570312,172.5244178771973,-1.0
NP_0012074021_pos_270_46668.result,NP_001207402.1 liprin-alpha-2 isoform b [Homo sapiens],270,13.0,0.63,0.7,0.01,0.99,0.0,91.23333333333332,0.9066666666666666,0.7416666666666666,6.3449097,-21.955284118652344,-41.058536529541016,1.0
NP_0558651_pos_20_e42e3.result,NP_055865.1 cap-specific mRNA (nucleoside-2'-O-)-methyltransferase 1 [Homo sapiens],20,12.5,0.67,0.92,0.13,0.87,0.02,90.90000000000002,0.8946666666666667,0.8003333333333332,6.62113,-22.593048095703125,4.122516632080078,1.0
XP_0472733041_pos_14_1491c.result,XP_047273304.1 WD repeat-containing protein 70 isoform X1 [Homo sapiens],14,14.5,0.81,0.96,0.24,0.68,0.08,91.06666666666666,0.8963333333333333,0.6416666666666667,15.050623,-3.014320373535156,134.3276481628418,-1.0
NP_0011386691_pos_828_c9c55.result,NP_001138669.1 spermatogenesis-associated protein 31D4 [Homo sapiens],828,14.5,0.6,0.59,0.12,0.83,0.08,93.86666666666667,0.923,0.827,14.342752,-41.23922729492188,-27.781326293945312,1.0
NP_0034733_pos_4194_83df9.result,NP_003473.3 histone-lysine N-methyltransferase 2D [Homo sapiens],4194,13.5,0.84,0.82,0.02,0.98,0.0,89.30000000000001,0.8796666666666667,0.6373333333333333,8.862422,-19.628814697265625,-177.34775924682617,-1.0
NP_0011217002_pos_133_d0259.result,NP_001121700.2 taperin [Homo sapiens],133,14.5,0.73,0.95,0.22,0.78,0.0,89.53333333333335,0.8783333333333333,0.717,0.6897043,-0.552154541015625,-3.120956420898437,1.0
XP_0067117241_pos_612_16419.result,XP_006711724.1 rho guanine nucleotide exchange factor 11 isoform X4 [Homo sapiens],612,14.0,0.71,0.83,0.11,0.87,0.01,90.06666666666666,0.8969999999999999,0.8809999999999999,0.56244564,3.2131805419921875,-1.1435279846191406,1.0
NP_1136401_pos_4_bca19.result,NP_113640.1 RNA guanine-N7 methyltransferase activating subunit [Homo sapiens],4,15.0,0.66,0.7,0.16,0.82,0.01,94.43333333333334,0.9343333333333332,0.8513333333333334,3.6207957,-13.575965881347656,6.052690505981445,1.0
NP_0037932_pos_1429_8517c.result,NP_003793.2 myosin-13 [Homo sapiens],1429,13.0,0.52,0.53,0.01,0.99,0.0,90.5,0.8933333333333334,0.6386666666666666,15.822769,-25.46813201904297,-25.370624542236328,1.0
NP_0010732781_pos_114_6f383.result,NP_001073278.1 xin actin-binding repeat-containing protein 2 isoform 2 [Homo sapiens],114,17.5,0.64,0.6,0.08,0.91,0.01,91.0,0.906,0.7793333333333333,1.9362719,-14.385848999023438,-9.147891998291016,1.0
NP_0012877571_pos_1121_d004f.result,NP_001287757.1 protocadherin-18 isoform 2 precursor [Homo sapiens],1121,14.5,0.62,0.53,0.0,1.0,0.0,92.96666666666664,0.9153333333333332,0.8363333333333333,8.676574,-14.537742614746094,-174.0116081237793,-1.0
NP_0011596321_pos_202_0d25a.result,NP_001159632.1 neurabin-1 isoform 1 [Homo sapiens],202,17.5,0.73,0.77,0.12,0.85,0.05,90.63333333333333,0.896,0.8700000000000001,0.43999025,-0.930419921875,1.0172004699707031,1.0
NP_0032723_pos_158_bff27.result,"NP_003272.3 troponin I, slow skeletal muscle [Homo sapiens]",158,14.0,0.48,0.53,0.32,0.64,0.05,88.46666666666665,0.8773333333333334,0.6006666666666667,24.596567,36.76089477539063,-0.6667213439941406,1.0
NP_0012684621_pos_566_79524.result,NP_001268462.1 band 4.1-like protein 3 isoform 2 [Homo sapiens],566,12.5,0.75,0.76,0.03,0.97,0.01,92.63333333333333,0.9116666666666668,0.785,10.043417,6.4793243408203125,144.5436897277832,-1.0
NP_0013089551_pos_5_5abc6.result,NP_001308955.1 G patch domain-containing protein 2-like isoform 4 [Homo sapiens],5,12.0,0.52,0.69,0.01,0.99,0.0,91.8,0.9033333333333332,0.604,6.796649,-22.056495666503903,1.3375129699707031,1.0
XP_0115179741_pos_762_d0193.result,XP_011517974.1 uncharacterized protein C10orf68 isoform X12 [Homo sapiens],762,12.0,0.77,0.89,0.07,0.93,0.02,89.33333333333333,0.898,0.8079999999999999,10.116959,16.984619140625,149.14447402954102,-1.0
NP_0558873_pos_1030_9675f.result,NP_055887.3 tubulin polyglutamylase TTLL5 [Homo sapiens],1030,12.5,0.54,0.5,0.0,1.0,0.0,90.86666666666667,0.8946666666666667,0.6563333333333333,9.513413,-35.51408386230469,-34.11601638793945,1.0
NP_0011286681_pos_143_d25e3.result,NP_001128668.1 cardiac-enriched FHL2-interacting protein [Homo sapiens],143,16.5,0.61,0.75,0.17,0.82,0.01,90.76666666666668,0.892,0.8866666666666667,0.4211866,0.4867019653320312,-3.5456085205078125,1.0
NP_0013080441_pos_799_124a9.result,NP_001308044.1 uncharacterized protein C10orf68 isoform c [Homo sapiens],799,12.0,0.78,0.84,0.07,0.93,0.02,89.43333333333334,0.8956666666666667,0.787,12.521346,-6.443626403808594,147.55552291870117,-1.0
XP_0115437691_pos_1757_c3946.result,XP_011543769.1 dystrophin isoform X5 [Homo sapiens],1757,12.5,0.52,0.6,0.07,0.94,0.0,89.8,0.8963333333333333,0.6663333333333333,7.2057896,-30.710533142089844,-15.888126373291016,1.0
XP_0115378511_pos_1172_8e5f3.result,XP_011537851.1 peroxisome proliferator-activated receptor gamma coactivator-related protein 1 isoform X3 [Homo sapiens],1172,15.0,0.66,0.5,0.01,0.99,0.0,88.60000000000001,0.891,0.6030000000000001,1.1680331,-3.3550567626953125,-6.823757171630859,1.0
